id,first_name,last_name,email,gender
1,Felipe,McGillecole,fmcgillecole0@msn.com,Male
2,Taite,Wain,twain1@cargocollective.com,Male
3,Bruis,Koubek,bkoubek2@domainmarket.com,Male
4,Alexandr,Halifax,ahalifax3@vinaora.com,Male
5,Hetti,Duck,hduck4@hostgator.com,Female
6,Tally,McKirton,tmckirton5@dmoz.org,Male
7,Suzette,Jentle,sjentle6@gov.uk,Female
8,Cecilla,Scarr,cscarr7@vkontakte.ru,Female
9,Garth,Rubert,grubert8@icq.com,Male
10,Florette,Govinlock,fgovinlock9@bigcartel.com,Female
11,Robby,Rowson,rrowsona@studiopress.com,Female
12,Elsa,Hebborne,ehebborneb@google.com.hk,Genderqueer
13,Tersina,Temperton,ttempertonc@tinyurl.com,Female
14,Barrett,Greated,bgreatedd@rakuten.co.jp,Male
15,Fayette,Goodnow,fgoodnowe@usnews.com,Female
16,Nan,Pharoah,npharoahf@vk.com,Female
17,Muffin,Pervew,mpervewg@pagesperso-orange.fr,Genderqueer
18,Neall,Sowrey,nsowreyh@dion.ne.jp,Male
19,Magdalen,Glynne,mglynnei@istockphoto.com,Female
20,Jacquenetta,Ruppele,jruppelej@goo.gl,Female
21,Hubie,Everil,heverilk@economist.com,Male
22,Salvidor,Sartin,ssartinl@ovh.net,Male
23,Willis,McKinna,wmckinnam@mayoclinic.com,Male
24,Cori,Sworder,cswordern@boston.com,Genderfluid
25,Annora,Form,aformo@unicef.org,Female
26,Shaylyn,Newnham,snewnhamp@businessweek.com,Female
27,Berri,Tambling,btamblingq@examiner.com,Female
28,Kally,Heinzler,kheinzlerr@bloglines.com,Female
29,Vin,Housbie,vhousbies@nature.com,Male
30,Moyra,Griffiths,mgriffithst@mediafire.com,Female
31,Lenora,Bulcock,lbulcocku@wikia.com,Female
32,Allsun,Roft,aroftv@netlog.com,Female
33,Ollie,Hadigate,ohadigatew@japanpost.jp,Female
34,Chet,Kellart,ckellartx@sogou.com,Genderfluid
35,Annemarie,Gooda,agooday@dedecms.com,Polygender
36,Quinn,Brogden,qbrogdenz@google.es,Female
37,Tansy,Bransom,tbransom10@digg.com,Polygender
38,Tallie,Plewes,tplewes11@dailymail.co.uk,Male
39,Jarrad,Willett,jwillett12@xrea.com,Male
40,Kass,Loxston,kloxston13@parallels.com,Female
41,Tamas,Tessyman,ttessyman14@jalbum.net,Genderfluid
42,Orlando,Estcot,oestcot15@tripod.com,Male
43,Rebecca,O' Dornan,rodornan16@google.com,Female
44,Harley,Feehily,hfeehily17@lycos.com,Female
45,Annissa,Ragate,aragate18@dot.gov,Female
46,Abigael,Firks,afirks19@statcounter.com,Bigender
47,Netta,Norvill,nnorvill1a@topsy.com,Female
48,Wilhelmine,Peacham,wpeacham1b@barnesandnoble.com,Female
49,Bing,Jago,bjago1c@berkeley.edu,Male
50,Walliw,Hadland,whadland1d@blogs.com,Female
51,Mindy,Dellow,mdellow1e@weibo.com,Female
52,Curtice,Garoghan,cgaroghan1f@ox.ac.uk,Male
53,Bibbye,Giral,bgiral1g@miibeian.gov.cn,Female
54,Adair,Porter,aporter1h@ning.com,Male
55,Sallie,Gimblet,sgimblet1i@mayoclinic.com,Female
56,Glenden,Jaye,gjaye1j@boston.com,Male
57,Emanuel,Raisher,eraisher1k@linkedin.com,Non-binary
58,Micki,Dubock,mdubock1l@reverbnation.com,Female
59,Juliane,Barten,jbarten1m@sakura.ne.jp,Female
60,Lorant,Kegan,lkegan1n@myspace.com,Male
61,Tam,Gawkroge,tgawkroge1o@ezinearticles.com,Male
62,Janette,Richmont,jrichmont1p@hubpages.com,Female
63,Cymbre,Oldroyd,coldroyd1q@blinklist.com,Female
64,Leoline,Morilla,lmorilla1r@i2i.jp,Female
65,Slade,Hardage,shardage1s@washingtonpost.com,Male
66,My,Linford,mlinford1t@ucla.edu,Male
67,April,Gate,agate1u@deviantart.com,Female
68,Langsdon,Mourgue,lmourgue1v@mapy.cz,Male
69,Ludwig,Ramble,lramble1w@unesco.org,Male
70,Janella,Seamon,jseamon1x@jimdo.com,Female
71,Berton,Unwins,bunwins1y@aboutads.info,Genderfluid
72,Phineas,Normanton,pnormanton1z@mozilla.org,Male
73,Aila,Govenlock,agovenlock20@dropbox.com,Female
74,Charlene,Buckingham,cbuckingham21@java.com,Female
75,Birk,Parnell,bparnell22@msu.edu,Male
76,Zachariah,Chastel,zchastel23@indiatimes.com,Male
77,Kriste,Balle,kballe24@cpanel.net,Female
78,Mag,Stanion,mstanion25@indiatimes.com,Female
79,Angelico,Gutcher,agutcher26@oakley.com,Male
80,Lolly,Brion,lbrion27@merriam-webster.com,Female
81,Oralia,Nockells,onockells28@rambler.ru,Female
82,Benjamen,Bwy,bbwy29@huffingtonpost.com,Male
83,Harri,Jerzyk,hjerzyk2a@google.ca,Female
84,Sig,Lovett,slovett2b@illinois.edu,Male
85,Selene,Dogerty,sdogerty2c@bbb.org,Genderfluid
86,Dory,Mordaunt,dmordaunt2d@symantec.com,Male
87,Brinna,Sagrott,bsagrott2e@blog.com,Female
88,Flory,Tinmouth,ftinmouth2f@omniture.com,Male
89,Brear,Hurtado,bhurtado2g@hubpages.com,Female
90,Orelia,Cushelly,ocushelly2h@miitbeian.gov.cn,Female
91,Fransisco,Bendson,fbendson2i@sourceforge.net,Male
92,Kippie,Greatham,kgreatham2j@bandcamp.com,Male
93,Evania,Basnett,ebasnett2k@wp.com,Female
94,Tyson,Addey,taddey2l@google.es,Male
95,Bobette,Tallyn,btallyn2m@tamu.edu,Female
96,Sephira,Titmarsh,stitmarsh2n@telegraph.co.uk,Female
97,Cissy,Lodeke,clodeke2o@lycos.com,Female
98,Codee,Gurry,cgurry2p@ucsd.edu,Female
99,Corie,Cracknell,ccracknell2q@e-recht24.de,Female
100,Isac,Lippiatt,ilippiatt2r@washingtonpost.com,Male
